{
    "Include":[

    ],
    "Icon":[
        {
            "Type":"13D0E005-C5CD-4210-A5D3-FDD57AB12990",
            "Name":"FileSystemDataSourceProvider",
            "Icon":
            {
                "Default":"{StartupDir}/Images/DataSourceProvider/disk.png"
            }
        },
        {
            "Type":"9357FB74-8ED4-4666-9D91-8B322208D60A",
            "Name":"FileSystemDatasSource",
            "Icon":
            {
                "Default":"{StartupDir}/Images/DataSourceProvider/folder.png",
                "Connected":"{StartupDir}/Images/DataSourceProvider/folder_open.png"
            }
        },
        {
            "Type":"B97F1F35-B223-48EB-8AAA-4BF7D448ABF5",
            "Name":"ObjectSampleDataSource",
            "Icon":
            {
                "Default":"{StartupDir}/Images/DataSourceProvider/samples.png",
                "Connected":"{StartupDir}/Images/DataSourceProvider/samples_open.png"
            }
        },
        {
            "Type":"5EE4C82D-7773-4BA9-BF97-D5DD2EF4DFAD",
            "Name":"MemoryDataSourceProvider",
            "Icon":
            {
                "Default":"{StartupDir}/Images/DataSourceProvider/mem.png"
            }
        },
        {
            "Type":"EED1ACE6-EF20-45E2-857F-F21E3C3C1A42",
            "Name":"MemoryDataSource",
            "Icon":
            {
                "Default":"{StartupDir}/Images/DataSourceProvider/folder.png",
                "Connected":"{StartupDir}/Images/DataSourceProvider/folder_open.png"
            }
        },
        {
            "Type":"CCD78B6B-39DC-42A1-824E-F3C1E14AAC36",
            "Name":"MyGDALFileRasterDataset",
            "Icon":
            {
                "Default":"{StartupDir}/Images/DataSourceProvider/raster.png",
                "Opened":"{StartupDir}/Images/DataSourceProvider/raster_open.png"
            }
        },
        {
            "Type":"A251D25A-292C-4B7C-A5F1-616A585A5C13",
            "Name":"MyGDALMemRasterDataset",
            "Icon":
            {
                "Default":"{StartupDir}/Images/DataSourceProvider/raster.png",
                "Opened":"{StartupDir}/Images/DataSourceProvider/raster_open.png"
            }
        },
        {
            "Type":"09DBE03B-7228-49A1-89B5-8970AE3E16C8",
            "Name":"MyGDALVectorDataset",
            "Icon":
            {
                "Default":"{StartupDir}/Images/DataSourceProvider/vector.png",
                "Opened":"{StartupDir}/Images/DataSourceProvider/vector_open.png"
            }
        },
        {
            "Type":"FCD79E3D-084F-4CB6-8D84-3DB1875075EB",
            "Name":"RasterGrayScaleLayer",
            "Icon":
            {
                "Default":"{StartupDir}/Images/LayerProvider/grayscale.png"
            }
        },
        {
            "Type":"B11E3992-4EE0-4D28-9FC4-B0294877B1E4",
            "Name":"RasterBinaryGrayScaleLayer",
            "Icon":
            {
                "Default":"{StartupDir}/Images/LayerProvider/bigrayscale.png"
            }
        },
        {
            "Type":"EFEB6F2A-7DD0-401D-9762-55F3F3E095D1",
            "Name":"RasterRgbLayer",
            "Icon":
            {
                "Default":"{StartupDir}/Images/LayerProvider/rgb.png"
            }
        },
        {
            "Type":"57D45D8B-E28E-4D5F-A588-1A55347A0C68",
            "Name":"VectorSimpleLayer",
            "Icon":
            {
                "Default":"{StartupDir}/Images/LayerProvider/simplevector.png"
            }
        }
    ]
}