<DataSources>
    <ContainerDataSource>
        <Type>DB7BA35E-F5EA-45A6-BC57-E8CF8B00456D</Type>
        <Name>Default</Name>
        <Catalog>FileSystem</Catalog>
        <Datasets>
            <MyGDALFileRasterDataset>
                <Type>CCD78B6B-39DC-42A1-824E-F3C1E14AAC36</Type>
                <Location><![CDATA[D:\DOTA v1.5\train\images\images_r\P0020.png]]></Location>
            </MyGDALFileRasterDataset>
        </Datasets>
        <DataSources/>
    </ContainerDataSource>
    <FileSystemDataSource>
        <Type>9357FB74-8ED4-4666-9D91-8B322208D60A</Type>
        <Location><![CDATA[D:\Test]]></Location>
    </FileSystemDataSource>
</DataSources>
